<?xml version="1.0" encoding="utf-8"?>
<resources>
    <string-array name="accesory_types">
        <item>Brinquedo</item>
        <item>Blusa</item>
        <item>Caixa</item>
        <item>Casinha</item>
        <item>Coleira</item>
        <item>Ração</item>
        <item>Outro</item>
    </string-array>
    <string-array name="animal_breedBird">
        <item>Agapornis</item>
        <item>Cacatua</item>
        <item>Calopsita</item>
        <item>Canário</item>
        <item>Coleiro</item>
        <item>Papagaio</item>
        <item>Pardal</item>
        <item>Periquito</item>
        <item>Ring Neck</item>
        <item>Galinha</item>
        <item>Outro</item>
    </string-array>
    <string-array name="animal_breedCat">
        <item>Angorá Turco</item>
        <item>Azul Russo</item>
        <item>Gato Exótico</item>
        <item>Gato Persa</item>
        <item>Himalaio</item>
        <item>Maine Coon</item>
        <item>Ragdoll</item>
        <item>Siamês</item>
        <item>Snowshoe</item>
        <item>Sphynx</item>
        <item>SRD (Sem Raça Definida)</item>
        <item>Outro</item>
    </string-array>
    <string-array name="animal_breedDog">
        <item>Bulldog</item>
        <item>Border Collie</item>
        <item>Fox Paulistinha</item>
        <item>Lhasa Apso</item>
        <item>Pastor Alemão</item>
        <item>Pinscher</item>
        <item>Pug</item>
        <item>Rottweiler</item>
        <item>Shih Tzu</item>
        <item>Yorkshire</item>
        <item>SRD (Sem Raça Definida)</item>
        <item>Outro</item>
    </string-array>
    <string-array name="animal_breedOther">
        <item>SRD (Sem Raça Definida)</item>
        <item>Outro</item>
    </string-array>
    <string-array name="animal_breedRat">
        <item>Camundongo</item>
        <item>Chinchila</item>
        <item>Gerbil</item>
        <item>Porquinho-da-Índia</item>
        <item>Ratazana</item>
        <item>Rato-de-telhado</item>
        <item>Rato da Noruega</item>
        <item>Twister</item>
        <item>Outro</item>
    </string-array>
    <string-array name="animal_types">
        <item>Cachorro</item>
        <item>Gato</item>
        <item>Pássaro</item>
        <item>Rato</item>
        <item>Outro</item>
    </string-array>
    <string-array name="animal_vacinesBird">
        <item>123</item>
        <item>321</item>
        <item>Outro</item>
    </string-array>
    <string-array name="animal_vacinesCat">
        <item>1</item>
        <item>2</item>
        <item>3</item>
        <item>4</item>
        <item>5</item>
        <item>6</item>
        <item>Outro</item>
    </string-array>
    <string-array name="animal_vacinesDog">
        <item>R8</item>
        <item>Raiva</item>
        <item>Gripe Canina</item>
        <item>Outro</item>
    </string-array>
    <string-array name="animal_vacinesOther">
        <item>Outro</item>
    </string-array>
    <string-array name="animal_vacinesRat">
        <item>Outro</item>
    </string-array>
    <color name="analogous1_100">#C4E7BE</color>
    <color name="analogous1_200">#9CD894</color>
    <color name="analogous1_300">#72CA67</color>
    <color name="analogous1_400">#4DBE44</color>
    <color name="analogous1_50">#E6F6E5</color>
    <color name="analogous1_500">#1FB215</color>
    <color name="analogous1_600">#0FA307</color>
    <color name="analogous1_700">#009100</color>
    <color name="analogous1_800">#008000</color>
    <color name="analogous1_900">#006100</color>
    <color name="analogous2_100">#A9DDD9</color>
    <color name="analogous2_200">#6CC8C1</color>
    <color name="analogous2_300">#15B2A8</color>
    <color name="analogous2_400">#00A195</color>
    <color name="analogous2_50">#DCF1F0</color>
    <color name="analogous2_500">#009081</color>
    <color name="analogous2_600">#008474</color>
    <color name="analogous2_700">#007464</color>
    <color name="analogous2_800">#006455</color>
    <color name="analogous2_900">#004839</color>
    <color name="atrUser1">#A05020</color>
    <color name="atrUser2">#690070</color>
    <color name="atrUser3">#0080C0</color>
    <color name="black">#FF000000</color>
    <color name="brighten_1">#60FFFFFF</color>
    <color name="darken_1">#80000000</color>
    <color name="darken_2">#40000000</color>
    <color name="gray_100">#CCCCCC</color>
    <color name="gray_200">#BBBBBB</color>
    <color name="gray_300">#AAAAAA</color>
    <color name="gray_400">#999999</color>
    <color name="gray_50">#DDDDDD</color>
    <color name="gray_500">#888888</color>
    <color name="gray_600">#777777</color>
    <color name="gray_700">#666666</color>
    <color name="gray_800">#555555</color>
    <color name="gray_900">#444444</color>
    <color name="primary_100">#C1E7CC</color>
    <color name="primary_200">#99D8AC</color>
    <color name="primary_300">#6DCA8B</color>
    <color name="primary_400">#48B272</color>
    <color name="primary_50">#E5F6EA</color>
    <color name="primary_500">#15B259</color>
    <color name="primary_600">#07A34F</color>
    <color name="primary_700">#009143</color>
    <color name="primary_800">#007F38</color>
    <color name="primary_900">#006024</color>
    <color name="secondary_100">#F6BDDB</color>
    <color name="secondary_200">#F392C2</color>
    <color name="secondary_300">#F265A9</color>
    <color name="secondary_400">#F04194</color>
    <color name="secondary_50">#FBE5F0</color>
    <color name="secondary_500">#F1167F</color>
    <color name="secondary_600">#DF167A</color>
    <color name="secondary_700">#C81673</color>
    <color name="secondary_800">#B2156E</color>
    <color name="secondary_900">#8B1264</color>
    <color name="text_300">#C0C8D0</color>
    <color name="text_400">#B0B8C0</color>
    <color name="text_500">#ACB4BB</color>
    <color name="text_600">#969FAA</color>
    <color name="text_700">#5A6978</color>
    <color name="text_800">#343F4B</color>
    <color name="text_900">#1F2D3D</color>
    <color name="transparent">#00000000</color>
    <color name="triadic1_100">#B2E1F9</color>
    <color name="triadic1_200">#80CEF5</color>
    <color name="triadic1_300">#50BBF0</color>
    <color name="triadic1_400">#30ADED</color>
    <color name="triadic1_50">#E1F4FD</color>
    <color name="triadic1_500">#1B9FE9</color>
    <color name="triadic1_600">#1A91DA</color>
    <color name="triadic1_700">#187FC6</color>
    <color name="triadic1_800">#156EB2</color>
    <color name="triadic1_900">#114E90</color>
    <color name="triadic2_100">#D4C1EC</color>
    <color name="triadic2_200">#B897E0</color>
    <color name="triadic2_300">#9C6BD4</color>
    <color name="triadic2_400">#864ACA</color>
    <color name="triadic2_50">#EEE6F7</color>
    <color name="triadic2_500">#7024C0</color>
    <color name="triadic2_600">#671FBA</color>
    <color name="triadic2_700">#5915B2</color>
    <color name="triadic2_800">#4C0CAB</color>
    <color name="triadic2_900">#3600A0</color>
    <color name="welcomeBox1">#80000020</color>
    <color name="welcomeBox2">#80000030</color>
    <color name="white">#FFFFFFFF</color>
    <string name="app_copyright">© Rafael Henrique Alves Batista - 2023</string>
    <string name="app_name">Animore Project</string>
    <string name="app_nameCut1">Anim</string>
    <string name="app_nameCut2">re</string>
    <string name="app_nameCut3">Project</string>
    <string name="app_wip"><i>Aviso: Este aplicativo está em fase desenvolvimento.\nTodo o conteúdo demonstrado aqui está sujeito a mudanças.\nFique ligado para mais progressos do projeto!\n - Rafael, 2023.</i></string>
    <string name="btn_accesory">Acessório</string>
    <string name="btn_addPhoto">Adicionar foto ou vídeo</string>
    <string name="btn_adopt">Adotar</string>
    <string name="btn_adoptAnimal">Adotar Animal</string>
    <string name="btn_animal">Animal</string>
    <string name="btn_animalFemale">Fêmea</string>
    <string name="btn_animalMale">Macho</string>
    <string name="btn_animalUnknown">Não sabe</string>
    <string name="btn_back">Voltar</string>
    <string name="btn_cancel">&lt;- Cancelar</string>
    <string name="btn_continue">Continuar -></string>
    <string name="btn_cursorLeft">&lt;</string>
    <string name="btn_cursorRight">></string>
    <string name="btn_delete">x Excluir</string>
    <string name="btn_donate">Doar</string>
    <string name="btn_edit">+ Editar</string>
    <string name="btn_enter">Entrar</string>
    <string name="btn_importPhoto">Importar foto</string>
    <string name="btn_quit">Sair</string>
    <string name="btn_readLess">Ler Menos</string>
    <string name="btn_readMore">Ler Mais</string>
    <string name="btn_register">Registrar</string>
    <string name="btn_registerAcessory">Cadastrar Acessório</string>
    <string name="btn_registerAnimal">Cadastrar Animal</string>
    <string name="btn_save">v Salvar</string>
    <string name="btn_searchAccessories">Procurar Acessórios</string>
    <string name="btn_searchAnimals">Procurar Animais</string>
    <string name="btn_sendEmail">Enviar e-mail</string>
    <string name="btn_start">Começar -></string>
    <string name="btn_viewPhoto">Detalhes da foto</string>
    <string name="content_accesoryPhoto">Foto de um acessório.</string>
    <string name="content_add">Ícone de um sinal de mais.</string>
    <string name="content_animalPhoto">Foto de um animal.</string>
    <string name="content_back">Ícone de uma seta apontada para a esquerda.</string>
    <string name="content_basket">Ícone de uma cesta.</string>
    <string name="content_buy">Ícone de uma bolsa, usada para representar uma opção de comprar.</string>
    <string name="content_calendar">Ícone de um calendário.</string>
    <string name="content_clock">Ícone de um relógio.</string>
    <string name="content_contact">Ícone de um pessoa, usada para representar um contato.</string>
    <string name="content_deslike">Ícone de uma mão com o polegar virado para baixo.</string>
    <string name="content_dog1">Imagem de um cachorro.</string>
    <string name="content_dog2">Ícone de um cachorro.</string>
    <string name="content_donate1">Imagem de duas mãos com um coração acima.</string>
    <string name="content_donate2">Ícone de uma mão com um coração acima.</string>
    <string name="content_editPhoto">Editar foto.</string>
    <string name="content_eye">Ícone de um olho.</string>
    <string name="content_facebook">Ícone do Facebook.</string>
    <string name="content_follower">Ícone de uma pessoa, usada para representar um seguidor.</string>
    <string name="content_google">Ícone do Google.</string>
    <string name="content_heart">Ícone de um coração.</string>
    <string name="content_home">Ícone de uma casa, usada para representar a página inicial.</string>
    <string name="content_info">Ícone de um símbolo de informação.</string>
    <string name="content_leaf">Ícone de uma folha.</string>
    <string name="content_like">Ícone de uma mão com o polegar virado para cima.</string>
    <string name="content_local">Ícone de uma seta de localização.</string>
    <string name="content_menu1">Botão de menu do aplicativo.</string>
    <string name="content_menu2">Botão de compartilhar a página.</string>
    <string name="content_messageMedia">Botão para enviar anexar um arquivo a mensagem.</string>
    <string name="content_messageSend">Botão para enviar uma mensagem.</string>
    <string name="content_microphone">Ícone de um microfone.</string>
    <string name="content_paw1">Imagem de uma pata de cachorro.</string>
    <string name="content_search">Ícone de uma lupa.</string>
    <string name="content_twitter">Ícone do Twitter.</string>
    <string name="content_userPhoto">Foto do usuário atual.</string>
    <string name="content_walk1">Imagem de uma pessoa andando.</string>
    <string name="content_yourPhoto">Foto do seu perfil.</string>
    <string name="default_web_client_id" translatable="false">21905349194-tb4k4gcdrbq4d4m88pr5jec6ilsbto9p.apps.googleusercontent.com</string>
    <string name="desc_accesories">Acessórios</string>
    <string name="desc_animals1">Animais    </string>
    <string name="desc_animals2">Animais</string>
    <string name="desc_contacts">Contatos</string>
    <string name="desc_events">Compromissos</string>
    <string name="desc_finishedDonations">Doações feitas</string>
    <string name="desc_followers">Seguidores </string>
    <string name="desc_home">Página Principal</string>
    <string name="desc_likes">Curtidas   </string>
    <string name="desc_search">Procurar</string>
    <string name="desc_users">Usuários</string>
    <string name="exception_anotherError">Falha ao realizar a tarefa.</string>
    <string name="exception_emptyInputs">Um ou mais campos estão vazios!</string>
    <string name="exception_emptyPhotos">Por favor, insira uma foto!</string>
    <string name="exception_loginAnotherError">Erro ao realizar o login.</string>
    <string name="exception_loginInvalidInputs">E-mail ou senha inválidos!</string>
    <string name="exception_registerAnotherError">Erro ao cadastrar. Por favor, tente novamente.</string>
    <string name="exception_registerDuplicateEmail">Este usuário já foi cadastrado!</string>
    <string name="exception_registerInvalidEmail">E-mail inválido!</string>
    <string name="exception_registerInvalidPhone">Número de telefone inválido!</string>
    <string name="exception_registerWeakPassword">Digite uma senha com no mínimo 6 caracteres!</string>
    <string name="gcm_defaultSenderId" translatable="false">21905349194</string>
    <string name="google_api_key" translatable="false">AIzaSyCKqRrJbV8pd5PHuIEignjopV0eIhDNy9w</string>
    <string name="google_app_id" translatable="false">1:21905349194:android:2bde3075fed76b6eb764b3</string>
    <string name="google_crash_reporting_api_key" translatable="false">AIzaSyCKqRrJbV8pd5PHuIEignjopV0eIhDNy9w</string>
    <string name="google_storage_bucket" translatable="false">animore-project.appspot.com</string>
    <string name="hint_accesoryDescription">Escreva uma descrição ou história sobre o acessório…</string>
    <string name="hint_accesoryName">Nome do acessório…</string>
    <string name="hint_accesoryType">Tipo de acessório</string>
    <string name="hint_address">Informe a rua onde mora…</string>
    <string name="hint_animalAge">Idade do animal…</string>
    <string name="hint_animalBreed">Raça do animal</string>
    <string name="hint_animalDescription">Escreva uma descrição ou história sobre o animal…</string>
    <string name="hint_animalName">Nome do animal…</string>
    <string name="hint_animalType">Tipo do animal</string>
    <string name="hint_animalVacines">Vacinas do animal</string>
    <string name="hint_animalWeight">Peso do animal…</string>
    <string name="hint_city">Informe a cidade…</string>
    <string name="hint_district">Informe o bairro…</string>
    <string name="hint_email">Digite o email…</string>
    <string name="hint_message">Mande uma mensagem…</string>
    <string name="hint_name">Digite o nome…</string>
    <string name="hint_password">Digite a senha…</string>
    <string name="hint_phone">Digite o DDD + número…</string>
    <string name="hint_phoneMask">+55 (00) 00000–0000</string>
    <string name="hint_search_1">Procurar por animais, acessórios…</string>
    <string name="hint_state">Informe o estado…</string>
    <string name="link_forgotPassword"><u>Esqueçi a senha.</u></string>
    <string name="link_registerInvite"><u>Faça um agora mesmo!</u></string>
    <string name="message_deleteSuccess">Exclusão realizada com sucesso!</string>
    <string name="message_emptyInputs">Por favor, preencha todos os campos!</string>
    <string name="message_emptyInputs2">Há mais campos a preencher na segunda tela.</string>
    <string name="message_notificationSuccess">Notificacao enviada com sucesso!</string>
    <string name="message_registerAcessorySuccess">Acessório cadastrado com sucesso!</string>
    <string name="message_registerAnimalSuccess">Animal cadastrado com sucesso!</string>
    <string name="message_registerSuccess">Cadastro realizado com sucesso!</string>
    <string name="message_sendEmailSuccess">E-mail enviado com sucesso!</string>
    <string name="message_signOutSuccess">Usuário deslogado com sucesso!</string>
    <string name="message_updateSuccess">Atualização realizada com sucesso!</string>
    <string name="notificationBody_adoptionRequest">​ tem interesse em adotar o animal ​</string>
    <string name="notificationTitle_adoptionRequest">Solicitação de Adoção</string>
    <string name="project_id" translatable="false">animore-project</string>
    <string name="prompt_addPhotos">Adicionar fotos ou vídeos (mínimo 1)</string>
    <string name="prompt_address">Rua:</string>
    <string name="prompt_age">Idade:</string>
    <string name="prompt_city">Cidade:</string>
    <string name="prompt_descriptionAccesory">Descrição do acessório:</string>
    <string name="prompt_descriptionAnimal">Descrição do animal:</string>
    <string name="prompt_district">Bairro:</string>
    <string name="prompt_email">E-mail:</string>
    <string name="prompt_name">Nome:</string>
    <string name="prompt_obligatorySymbol">*</string>
    <string name="prompt_password">Senha:</string>
    <string name="prompt_phone">Número de celular:</string>
    <string name="prompt_photo">Foto:</string>
    <string name="prompt_sex">Sexo:</string>
    <string name="prompt_state">Estado:</string>
    <string name="prompt_vacines">Vacinas:</string>
    <string name="prompt_weight">Peso:</string>
    <string name="socialMedia_signInFacebook"><u>Continuar com Facebook</u></string>
    <string name="socialMedia_signInGoogle"><u>Continuar com Google</u></string>
    <string name="socialMedia_signInTwitter"><u>Continuar com Twitter</u></string>
    <string name="socialMedia_signUpFacebook"><u>Registrar com Facebook</u></string>
    <string name="socialMedia_signUpGoogle"><u>Registrar com Google</u></string>
    <string name="socialMedia_signUpTwitter"><u>Registrar com Twitter</u></string>
    <string name="test_placeholderName">Fulano de Tal</string>
    <string name="test_placeholderParaph">Lorem ipsum dolor sit amet, consectetur adipiscing elit, sed do eiusmod tempor incididunt ut labore et dolore magna aliqua. Ut enim ad minim veniam, quis nostrud exercitation ullamco laboris nisi ut aliquip ex ea commodo consequat. Duis aute irure dolor in reprehenderit in voluptate velit esse cillum dolore eu fugiat nulla pariatur. Excepteur sint occaecat cupidatat non proident, sunt in culpa qui officia deserunt mollit anim id est laborum.</string>
    <string name="test_placeholderText">Lorem ipsum dolor sit amet, consectetur adipiscing elit, sed do eiusmod tempor incididunt ut labore et dolore magna aliqua.</string>
    <string name="test_placeholderTitle">- Placeholder Title -</string>
    <string name="test_placeholderValue">1111111111111111111111111</string>
    <string name="text_five">5</string>
    <string name="text_forgotPasswordDescription">Informe o e-mail onde deseja redefinir a senha.</string>
    <string name="text_four">4</string>
    <string name="text_hyphen">-</string>
    <string name="text_noAcessories">A sua cesta está vazia.\nAdicione algo fazendo um registro abaixo.</string>
    <string name="text_noAnimals">Você ainda não possui nenhum animal registrado.\nFaça um registro pressionando o botão abaixo.</string>
    <string name="text_noDescription"><b>Sem descrição.</b></string>
    <string name="text_noRegister">Não tem cadastro?</string>
    <string name="text_noVacines">Nenhuma vacina.</string>
    <string name="text_one">1</string>
    <string name="text_three">3</string>
    <string name="text_topic">•</string>
    <string name="text_two">2</string>
    <string name="text_weight">Kg</string>
    <string name="text_welcome_1">Bem vindo a Animore Project!\nEncontre o melhor amigo dos sonhos,\nou venha doar para os seus amigos\nde graça!\n\nVamos começar?</string>
    <string name="text_welcome_2">Escolha uma função no aplicativo</string>
    <string name="text_welcome_2_Adopt">Função "Adotar" selecionada!</string>
    <string name="text_welcome_2_Donate">Função "Doar" selecionada!</string>
    <string name="text_welcome_3">Conte-nos um pouco sobre você</string>
    <string name="text_whatsappMessageBody">no aplicativo Animore Project, e tenho interesse em</string>
    <string name="text_whatsappMessageEndAcessory">obtê-lo.</string>
    <string name="text_whatsappMessageEndAnimal">adotá-lo.</string>
    <string name="text_whatsappMessageStart">Olá tudo bem? Eu vi</string>
    <string name="text_whatsappMessageStartAcessory">o item</string>
    <string name="text_whatsappMessageStartAnimal">seu animal</string>
    <string name="text_years">anos</string>
    <string name="text_zero">0</string>
    <string name="title_description">Descrição</string>
    <string name="title_featuredAccesories">Itens em alta</string>
    <string name="title_featuredAnimals">Animais em destaque</string>
    <string name="title_findBestFriend"><u>Encontre o amigo dos seus sonhos</u></string>
    <string name="title_forgotPassword">Esqueci a senha</string>
    <string name="title_imagesAccesory">Imagens do Acessório</string>
    <string name="title_imagesAnimal">Imagens do Animal</string>
    <string name="title_login">Login</string>
    <string name="title_myAcessories"><u> Meus acessórios </u></string>
    <string name="title_myAnimals"><u> Meus animais </u></string>
    <string name="title_ownerAccesory">Dono do Acessório</string>
    <string name="title_ownerAnimal">Dono do Animal</string>
    <string name="title_photoAccesory">Imagem do acessório:</string>
    <string name="title_photoAnimal">Imagem do animal:</string>
    <string name="title_profileDetails">Detalhes do Perfil</string>
    <string name="title_registerAnimal">Escolha o que deseja registrar:</string>
    <string name="title_searchAccesories">Procurar Acessórios</string>
    <string name="title_searchAnimals">Procurar Animais</string>
    <string name="title_selectTypeAccesory">Selecione o tipo de acessório:</string>
    <string name="title_selectTypeAnimal">Selecione o tipo e raça do animal:</string>
    <string name="title_statistics">Estatísticas</string>
    <string name="title_statusAnimal">Status do Animal</string>
    <string name="title_vacines">Vacinas</string>
    <string name="title_yourPhoto">Detalhes da foto:</string>
    <string name="user_address">Rua</string>
    <string name="user_animals">Animais:</string>
    <string name="user_district">Bairro</string>
    <string name="user_donations">Doações:</string>
    <string name="user_email">E-mail</string>
    <string name="user_followers">Seguidores:</string>
    <string name="user_likes">Curtidas:</string>
    <string name="user_name">Nome</string>
    <string name="user_phone">Celular</string>
    <string name="user_since">Desde:</string>
    <string name="user_state">Estado</string>
    <string name="vacine_dogFlu">Gripe Canina</string>
    <string name="vacine_dogR8">R8</string>
    <string name="vacine_dogRabies">Raiva</string>
    <string name="vacine_other">Outro</string>
    <style name="SplashScreen" parent="Theme.MaterialComponents.DayNight.NoActionBar">
        <item name="android:statusBarColor">@color/transparent</item>
    </style>
    <style name="Theme.AnimoreProject" parent="Theme.MaterialComponents.DayNight.NoActionBar">
        
        <item name="colorPrimary">@color/primary_500</item>
        <item name="colorPrimaryVariant">@color/primary_800</item>
        <item name="colorOnPrimary">@color/white</item>
        
        <item name="colorSecondary">@color/gray_300</item>
        <item name="colorSecondaryVariant">@color/gray_700</item>
        <item name="colorOnSecondary">@color/black</item>
        
        <item name="android:windowTranslucentStatus">true</item>
        
    </style>
</resources>