<?xml version="1.0" encoding="utf-8"?>
<merger version="3"><dataSet aapt-namespace="http://schemas.android.com/apk/res-auto" config="main$Generated" generated="true" ignore_pattern="!.svn:!.git:!.ds_store:!*.scc:.*:&lt;dir>_*:!CVS:!thumbs.db:!picasa.ini:!*~"><source path="C:\Users\Usuario\AndroidStudioProjects\AnimoreProject\app\src\main\res"/></dataSet><dataSet aapt-namespace="http://schemas.android.com/apk/res-auto" config="main" generated-set="main$Generated" ignore_pattern="!.svn:!.git:!.ds_store:!*.scc:.*:&lt;dir>_*:!CVS:!thumbs.db:!picasa.ini:!*~"><source path="C:\Users\Usuario\AndroidStudioProjects\AnimoreProject\app\src\main\res"><file name="button_click_effect_1" path="C:\Users\Usuario\AndroidStudioProjects\AnimoreProject\app\src\main\res\animator\button_click_effect_1.xml" qualifiers="" type="animator"/><file name="button_click_effect_2" path="C:\Users\Usuario\AndroidStudioProjects\AnimoreProject\app\src\main\res\animator\button_click_effect_2.xml" qualifiers="" type="animator"/><file name="button_click_effect_3" path="C:\Users\Usuario\AndroidStudioProjects\AnimoreProject\app\src\main\res\animator\button_click_effect_3.xml" qualifiers="" type="animator"/><file name="background_splashscreen" path="C:\Users\Usuario\AndroidStudioProjects\AnimoreProject\app\src\main\res\drawable\background_splashscreen.xml" qualifiers="" type="drawable"/><file name="empty_animal_profile" path="C:\Users\Usuario\AndroidStudioProjects\AnimoreProject\app\src\main\res\drawable\empty_animal_profile.xml" qualifiers="" type="drawable"/><file name="empty_profile" path="C:\Users\Usuario\AndroidStudioProjects\AnimoreProject\app\src\main\res\drawable\empty_profile.xml" qualifiers="" type="drawable"/><file name="icon_backgroundgradient" path="C:\Users\Usuario\AndroidStudioProjects\AnimoreProject\app\src\main\res\drawable\icon_backgroundgradient.xml" qualifiers="" type="drawable"/><file name="ic_avancar_voltar" path="C:\Users\Usuario\AndroidStudioProjects\AnimoreProject\app\src\main\res\drawable\ic_avancar_voltar.xml" qualifiers="" type="drawable"/><file name="ic_aviso" path="C:\Users\Usuario\AndroidStudioProjects\AnimoreProject\app\src\main\res\drawable\ic_aviso.xml" qualifiers="" type="drawable"/><file name="ic_botao_adicionar" path="C:\Users\Usuario\AndroidStudioProjects\AnimoreProject\app\src\main\res\drawable\ic_botao_adicionar.xml" qualifiers="" type="drawable"/><file name="ic_botao_adicionar_cancelar" path="C:\Users\Usuario\AndroidStudioProjects\AnimoreProject\app\src\main\res\drawable\ic_botao_adicionar_cancelar.xml" qualifiers="" type="drawable"/><file name="ic_botao_compartilhar" path="C:\Users\Usuario\AndroidStudioProjects\AnimoreProject\app\src\main\res\drawable\ic_botao_compartilhar.xml" qualifiers="" type="drawable"/><file name="ic_botao_enviar_imagem" path="C:\Users\Usuario\AndroidStudioProjects\AnimoreProject\app\src\main\res\drawable\ic_botao_enviar_imagem.xml" qualifiers="" type="drawable"/><file name="ic_botao_enviar_mensagem" path="C:\Users\Usuario\AndroidStudioProjects\AnimoreProject\app\src\main\res\drawable\ic_botao_enviar_mensagem.xml" qualifiers="" type="drawable"/><file name="ic_botao_menu" path="C:\Users\Usuario\AndroidStudioProjects\AnimoreProject\app\src\main\res\drawable\ic_botao_menu.xml" qualifiers="" type="drawable"/><file name="ic_coracao" path="C:\Users\Usuario\AndroidStudioProjects\AnimoreProject\app\src\main\res\drawable\ic_coracao.xml" qualifiers="" type="drawable"/><file name="ic_coracao_adotar" path="C:\Users\Usuario\AndroidStudioProjects\AnimoreProject\app\src\main\res\drawable\ic_coracao_adotar.xml" qualifiers="" type="drawable"/><file name="ic_discord_leaf" path="C:\Users\Usuario\AndroidStudioProjects\AnimoreProject\app\src\main\res\drawable\ic_discord_leaf.xml" qualifiers="" type="drawable"/><file name="ic_editar" path="C:\Users\Usuario\AndroidStudioProjects\AnimoreProject\app\src\main\res\drawable\ic_editar.xml" qualifiers="" type="drawable"/><file name="ic_editar_raw" path="C:\Users\Usuario\AndroidStudioProjects\AnimoreProject\app\src\main\res\drawable\ic_editar_raw.xml" qualifiers="" type="drawable"/><file name="ic_info" path="C:\Users\Usuario\AndroidStudioProjects\AnimoreProject\app\src\main\res\drawable\ic_info.xml" qualifiers="" type="drawable"/><file name="ic_launcher_background" path="C:\Users\Usuario\AndroidStudioProjects\AnimoreProject\app\src\main\res\drawable\ic_launcher_background.xml" qualifiers="" type="drawable"/><file name="ic_localizacao" path="C:\Users\Usuario\AndroidStudioProjects\AnimoreProject\app\src\main\res\drawable\ic_localizacao.xml" qualifiers="" type="drawable"/><file name="ic_mensagem_outline" path="C:\Users\Usuario\AndroidStudioProjects\AnimoreProject\app\src\main\res\drawable\ic_mensagem_outline.xml" qualifiers="" type="drawable"/><file name="ic_menu_animal" path="C:\Users\Usuario\AndroidStudioProjects\AnimoreProject\app\src\main\res\drawable\ic_menu_animal.xml" qualifiers="" type="drawable"/><file name="ic_menu_configuracao" path="C:\Users\Usuario\AndroidStudioProjects\AnimoreProject\app\src\main\res\drawable\ic_menu_configuracao.xml" qualifiers="" type="drawable"/><file name="ic_menu_deslogar" path="C:\Users\Usuario\AndroidStudioProjects\AnimoreProject\app\src\main\res\drawable\ic_menu_deslogar.xml" qualifiers="" type="drawable"/><file name="ic_menu_inicio" path="C:\Users\Usuario\AndroidStudioProjects\AnimoreProject\app\src\main\res\drawable\ic_menu_inicio.xml" qualifiers="" type="drawable"/><file name="ic_menu_mensagem" path="C:\Users\Usuario\AndroidStudioProjects\AnimoreProject\app\src\main\res\drawable\ic_menu_mensagem.xml" qualifiers="" type="drawable"/><file name="ic_menu_perfil" path="C:\Users\Usuario\AndroidStudioProjects\AnimoreProject\app\src\main\res\drawable\ic_menu_perfil.xml" qualifiers="" type="drawable"/><file name="ic_minha_localizacao" path="C:\Users\Usuario\AndroidStudioProjects\AnimoreProject\app\src\main\res\drawable\ic_minha_localizacao.xml" qualifiers="" type="drawable"/><file name="ic_olho" path="C:\Users\Usuario\AndroidStudioProjects\AnimoreProject\app\src\main\res\drawable\ic_olho.xml" qualifiers="" type="drawable"/><file name="ic_perfil_vazio" path="C:\Users\Usuario\AndroidStudioProjects\AnimoreProject\app\src\main\res\drawable\ic_perfil_vazio.xml" qualifiers="" type="drawable"/><file name="ic_polegar" path="C:\Users\Usuario\AndroidStudioProjects\AnimoreProject\app\src\main\res\drawable\ic_polegar.xml" qualifiers="" type="drawable"/><file name="ic_relogio" path="C:\Users\Usuario\AndroidStudioProjects\AnimoreProject\app\src\main\res\drawable\ic_relogio.xml" qualifiers="" type="drawable"/><file name="ic_telefone" path="C:\Users\Usuario\AndroidStudioProjects\AnimoreProject\app\src\main\res\drawable\ic_telefone.xml" qualifiers="" type="drawable"/><file name="layout_borda_foto" path="C:\Users\Usuario\AndroidStudioProjects\AnimoreProject\app\src\main\res\drawable\layout_borda_foto.xml" qualifiers="" type="drawable"/><file name="layout_borda_foto_21a" path="C:\Users\Usuario\AndroidStudioProjects\AnimoreProject\app\src\main\res\drawable\layout_borda_foto_21a.xml" qualifiers="" type="drawable"/><file name="layout_borda_foto_21b" path="C:\Users\Usuario\AndroidStudioProjects\AnimoreProject\app\src\main\res\drawable\layout_borda_foto_21b.xml" qualifiers="" type="drawable"/><file name="layout_borda_foto_22a" path="C:\Users\Usuario\AndroidStudioProjects\AnimoreProject\app\src\main\res\drawable\layout_borda_foto_22a.xml" qualifiers="" type="drawable"/><file name="layout_borda_foto_22b" path="C:\Users\Usuario\AndroidStudioProjects\AnimoreProject\app\src\main\res\drawable\layout_borda_foto_22b.xml" qualifiers="" type="drawable"/><file name="layout_borda_foto_22c" path="C:\Users\Usuario\AndroidStudioProjects\AnimoreProject\app\src\main\res\drawable\layout_borda_foto_22c.xml" qualifiers="" type="drawable"/><file name="layout_borda_foto_2a" path="C:\Users\Usuario\AndroidStudioProjects\AnimoreProject\app\src\main\res\drawable\layout_borda_foto_2a.xml" qualifiers="" type="drawable"/><file name="layout_borda_foto_2b" path="C:\Users\Usuario\AndroidStudioProjects\AnimoreProject\app\src\main\res\drawable\layout_borda_foto_2b.xml" qualifiers="" type="drawable"/><file name="layout_borda_foto_2c" path="C:\Users\Usuario\AndroidStudioProjects\AnimoreProject\app\src\main\res\drawable\layout_borda_foto_2c.xml" qualifiers="" type="drawable"/><file name="layout_borda_foto_3" path="C:\Users\Usuario\AndroidStudioProjects\AnimoreProject\app\src\main\res\drawable\layout_borda_foto_3.xml" qualifiers="" type="drawable"/><file name="layout_borda_quadrada" path="C:\Users\Usuario\AndroidStudioProjects\AnimoreProject\app\src\main\res\drawable\layout_borda_quadrada.xml" qualifiers="" type="drawable"/><file name="layout_botao_adotar" path="C:\Users\Usuario\AndroidStudioProjects\AnimoreProject\app\src\main\res\drawable\layout_botao_adotar.xml" qualifiers="" type="drawable"/><file name="layout_botao_ligar" path="C:\Users\Usuario\AndroidStudioProjects\AnimoreProject\app\src\main\res\drawable\layout_botao_ligar.xml" qualifiers="" type="drawable"/><file name="layout_botao_mensagem" path="C:\Users\Usuario\AndroidStudioProjects\AnimoreProject\app\src\main\res\drawable\layout_botao_mensagem.xml" qualifiers="" type="drawable"/><file name="layout_escolha_doacao_background1" path="C:\Users\Usuario\AndroidStudioProjects\AnimoreProject\app\src\main\res\drawable\layout_escolha_doacao_background1.xml" qualifiers="" type="drawable"/><file name="layout_escolha_doacao_background2" path="C:\Users\Usuario\AndroidStudioProjects\AnimoreProject\app\src\main\res\drawable\layout_escolha_doacao_background2.xml" qualifiers="" type="drawable"/><file name="layout_escolha_doacao_background_left" path="C:\Users\Usuario\AndroidStudioProjects\AnimoreProject\app\src\main\res\drawable\layout_escolha_doacao_background_left.xml" qualifiers="" type="drawable"/><file name="layout_escolha_doacao_background_right" path="C:\Users\Usuario\AndroidStudioProjects\AnimoreProject\app\src\main\res\drawable\layout_escolha_doacao_background_right.xml" qualifiers="" type="drawable"/><file name="layout_escolha_doacao_foreground" path="C:\Users\Usuario\AndroidStudioProjects\AnimoreProject\app\src\main\res\drawable\layout_escolha_doacao_foreground.xml" qualifiers="" type="drawable"/><file name="logo" path="C:\Users\Usuario\AndroidStudioProjects\AnimoreProject\app\src\main\res\drawable\logo.png" qualifiers="" type="drawable"/><file name="round_box" path="C:\Users\Usuario\AndroidStudioProjects\AnimoreProject\app\src\main\res\drawable\round_box.xml" qualifiers="" type="drawable"/><file name="round_box2" path="C:\Users\Usuario\AndroidStudioProjects\AnimoreProject\app\src\main\res\drawable\round_box2.xml" qualifiers="" type="drawable"/><file name="round_box2_border" path="C:\Users\Usuario\AndroidStudioProjects\AnimoreProject\app\src\main\res\drawable\round_box2_border.xml" qualifiers="" type="drawable"/><file name="round_box2_dashed_1" path="C:\Users\Usuario\AndroidStudioProjects\AnimoreProject\app\src\main\res\drawable\round_box2_dashed_1.xml" qualifiers="" type="drawable"/><file name="round_box2_dashed_template" path="C:\Users\Usuario\AndroidStudioProjects\AnimoreProject\app\src\main\res\drawable\round_box2_dashed_template.xml" qualifiers="" type="drawable"/><file name="round_box3" path="C:\Users\Usuario\AndroidStudioProjects\AnimoreProject\app\src\main\res\drawable\round_box3.xml" qualifiers="" type="drawable"/><file name="round_box_outline" path="C:\Users\Usuario\AndroidStudioProjects\AnimoreProject\app\src\main\res\drawable\round_box_outline.xml" qualifiers="" type="drawable"/><file name="ic_launcher_foreground" path="C:\Users\Usuario\AndroidStudioProjects\AnimoreProject\app\src\main\res\drawable-v24\ic_launcher_foreground.xml" qualifiers="v24" type="drawable"/><file name="activity_boas_vindas" path="C:\Users\Usuario\AndroidStudioProjects\AnimoreProject\app\src\main\res\layout\activity_boas_vindas.xml" qualifiers="" type="layout"/><file name="activity_cadastro" path="C:\Users\Usuario\AndroidStudioProjects\AnimoreProject\app\src\main\res\layout\activity_cadastro.xml" qualifiers="" type="layout"/><file name="activity_cadastro_animal" path="C:\Users\Usuario\AndroidStudioProjects\AnimoreProject\app\src\main\res\layout\activity_cadastro_animal.xml" qualifiers="" type="layout"/><file name="activity_debug" path="C:\Users\Usuario\AndroidStudioProjects\AnimoreProject\app\src\main\res\layout\activity_debug.xml" qualifiers="" type="layout"/><file name="activity_escolha_cargo" path="C:\Users\Usuario\AndroidStudioProjects\AnimoreProject\app\src\main\res\layout\activity_escolha_cargo.xml" qualifiers="" type="layout"/><file name="activity_esqueci_senha" path="C:\Users\Usuario\AndroidStudioProjects\AnimoreProject\app\src\main\res\layout\activity_esqueci_senha.xml" qualifiers="" type="layout"/><file name="activity_inicio" path="C:\Users\Usuario\AndroidStudioProjects\AnimoreProject\app\src\main\res\layout\activity_inicio.xml" qualifiers="" type="layout"/><file name="activity_login" path="C:\Users\Usuario\AndroidStudioProjects\AnimoreProject\app\src\main\res\layout\activity_login.xml" qualifiers="" type="layout"/><file name="activity_mensagem" path="C:\Users\Usuario\AndroidStudioProjects\AnimoreProject\app\src\main\res\layout\activity_mensagem.xml" qualifiers="" type="layout"/><file name="activity_meus_animais" path="C:\Users\Usuario\AndroidStudioProjects\AnimoreProject\app\src\main\res\layout\activity_meus_animais.xml" qualifiers="" type="layout"/><file name="activity_opcoes" path="C:\Users\Usuario\AndroidStudioProjects\AnimoreProject\app\src\main\res\layout\activity_opcoes.xml" qualifiers="" type="layout"/><file name="activity_perfil" path="C:\Users\Usuario\AndroidStudioProjects\AnimoreProject\app\src\main\res\layout\activity_perfil.xml" qualifiers="" type="layout"/><file name="activity_perfil_animal" path="C:\Users\Usuario\AndroidStudioProjects\AnimoreProject\app\src\main\res\layout\activity_perfil_animal.xml" qualifiers="" type="layout"/><file name="activity_splash" path="C:\Users\Usuario\AndroidStudioProjects\AnimoreProject\app\src\main\res\layout\activity_splash.xml" qualifiers="" type="layout"/><file name="activity_template" path="C:\Users\Usuario\AndroidStudioProjects\AnimoreProject\app\src\main\res\layout\activity_template.xml" qualifiers="" type="layout"/><file name="item_animais_tela_inicial" path="C:\Users\Usuario\AndroidStudioProjects\AnimoreProject\app\src\main\res\layout\item_animais_tela_inicial.xml" qualifiers="" type="layout"/><file name="item_checkbox" path="C:\Users\Usuario\AndroidStudioProjects\AnimoreProject\app\src\main\res\layout\item_checkbox.xml" qualifiers="" type="layout"/><file name="item_meus_animais" path="C:\Users\Usuario\AndroidStudioProjects\AnimoreProject\app\src\main\res\layout\item_meus_animais.xml" qualifiers="" type="layout"/><file name="menu_head" path="C:\Users\Usuario\AndroidStudioProjects\AnimoreProject\app\src\main\res\layout\menu_head.xml" qualifiers="" type="layout"/><file name="menu_body" path="C:\Users\Usuario\AndroidStudioProjects\AnimoreProject\app\src\main\res\menu\menu_body.xml" qualifiers="" type="menu"/><file name="ic_bolsa" path="C:\Users\Usuario\AndroidStudioProjects\AnimoreProject\app\src\main\res\mipmap-anydpi-v26\ic_bolsa.xml" qualifiers="anydpi-v26" type="mipmap"/><file name="ic_cachorro_1" path="C:\Users\Usuario\AndroidStudioProjects\AnimoreProject\app\src\main\res\mipmap-anydpi-v26\ic_cachorro_1.xml" qualifiers="anydpi-v26" type="mipmap"/><file name="ic_cachorro_2" path="C:\Users\Usuario\AndroidStudioProjects\AnimoreProject\app\src\main\res\mipmap-anydpi-v26\ic_cachorro_2.xml" qualifiers="anydpi-v26" type="mipmap"/><file name="ic_cachorro_3" path="C:\Users\Usuario\AndroidStudioProjects\AnimoreProject\app\src\main\res\mipmap-anydpi-v26\ic_cachorro_3.xml" qualifiers="anydpi-v26" type="mipmap"/><file name="ic_calendario" path="C:\Users\Usuario\AndroidStudioProjects\AnimoreProject\app\src\main\res\mipmap-anydpi-v26\ic_calendario.xml" qualifiers="anydpi-v26" type="mipmap"/><file name="ic_casa" path="C:\Users\Usuario\AndroidStudioProjects\AnimoreProject\app\src\main\res\mipmap-anydpi-v26\ic_casa.xml" qualifiers="anydpi-v26" type="mipmap"/><file name="ic_contato" path="C:\Users\Usuario\AndroidStudioProjects\AnimoreProject\app\src\main\res\mipmap-anydpi-v26\ic_contato.xml" qualifiers="anydpi-v26" type="mipmap"/><file name="ic_doar" path="C:\Users\Usuario\AndroidStudioProjects\AnimoreProject\app\src\main\res\mipmap-anydpi-v26\ic_doar.xml" qualifiers="anydpi-v26" type="mipmap"/><file name="ic_doar2" path="C:\Users\Usuario\AndroidStudioProjects\AnimoreProject\app\src\main\res\mipmap-anydpi-v26\ic_doar2.xml" qualifiers="anydpi-v26" type="mipmap"/><file name="ic_facebook" path="C:\Users\Usuario\AndroidStudioProjects\AnimoreProject\app\src\main\res\mipmap-anydpi-v26\ic_facebook.xml" qualifiers="anydpi-v26" type="mipmap"/><file name="ic_google" path="C:\Users\Usuario\AndroidStudioProjects\AnimoreProject\app\src\main\res\mipmap-anydpi-v26\ic_google.xml" qualifiers="anydpi-v26" type="mipmap"/><file name="ic_icon" path="C:\Users\Usuario\AndroidStudioProjects\AnimoreProject\app\src\main\res\mipmap-anydpi-v26\ic_icon.xml" qualifiers="anydpi-v26" type="mipmap"/><file name="ic_info" path="C:\Users\Usuario\AndroidStudioProjects\AnimoreProject\app\src\main\res\mipmap-anydpi-v26\ic_info.xml" qualifiers="anydpi-v26" type="mipmap"/><file name="ic_launcher" path="C:\Users\Usuario\AndroidStudioProjects\AnimoreProject\app\src\main\res\mipmap-anydpi-v26\ic_launcher.xml" qualifiers="anydpi-v26" type="mipmap"/><file name="ic_launcher_round" path="C:\Users\Usuario\AndroidStudioProjects\AnimoreProject\app\src\main\res\mipmap-anydpi-v26\ic_launcher_round.xml" qualifiers="anydpi-v26" type="mipmap"/><file name="ic_localizacao_pequeno" path="C:\Users\Usuario\AndroidStudioProjects\AnimoreProject\app\src\main\res\mipmap-anydpi-v26\ic_localizacao_pequeno.xml" qualifiers="anydpi-v26" type="mipmap"/><file name="ic_lupa" path="C:\Users\Usuario\AndroidStudioProjects\AnimoreProject\app\src\main\res\mipmap-anydpi-v26\ic_lupa.xml" qualifiers="anydpi-v26" type="mipmap"/><file name="ic_lupa2" path="C:\Users\Usuario\AndroidStudioProjects\AnimoreProject\app\src\main\res\mipmap-anydpi-v26\ic_lupa2.xml" qualifiers="anydpi-v26" type="mipmap"/><file name="ic_microfone" path="C:\Users\Usuario\AndroidStudioProjects\AnimoreProject\app\src\main\res\mipmap-anydpi-v26\ic_microfone.xml" qualifiers="anydpi-v26" type="mipmap"/><file name="ic_pata" path="C:\Users\Usuario\AndroidStudioProjects\AnimoreProject\app\src\main\res\mipmap-anydpi-v26\ic_pata.xml" qualifiers="anydpi-v26" type="mipmap"/><file name="ic_pessoa_andando" path="C:\Users\Usuario\AndroidStudioProjects\AnimoreProject\app\src\main\res\mipmap-anydpi-v26\ic_pessoa_andando.xml" qualifiers="anydpi-v26" type="mipmap"/><file name="ic_seguidor" path="C:\Users\Usuario\AndroidStudioProjects\AnimoreProject\app\src\main\res\mipmap-anydpi-v26\ic_seguidor.xml" qualifiers="anydpi-v26" type="mipmap"/><file name="ic_twitter" path="C:\Users\Usuario\AndroidStudioProjects\AnimoreProject\app\src\main\res\mipmap-anydpi-v26\ic_twitter.xml" qualifiers="anydpi-v26" type="mipmap"/><file name="round_box2" path="C:\Users\Usuario\AndroidStudioProjects\AnimoreProject\app\src\main\res\mipmap-anydpi-v26\round_box2.xml" qualifiers="anydpi-v26" type="mipmap"/><file name="ic_launcher" path="C:\Users\Usuario\AndroidStudioProjects\AnimoreProject\app\src\main\res\mipmap-hdpi\ic_launcher.webp" qualifiers="hdpi-v4" type="mipmap"/><file name="ic_launcher_round" path="C:\Users\Usuario\AndroidStudioProjects\AnimoreProject\app\src\main\res\mipmap-hdpi\ic_launcher_round.webp" qualifiers="hdpi-v4" type="mipmap"/><file name="ic_launcher" path="C:\Users\Usuario\AndroidStudioProjects\AnimoreProject\app\src\main\res\mipmap-mdpi\ic_launcher.webp" qualifiers="mdpi-v4" type="mipmap"/><file name="ic_launcher_round" path="C:\Users\Usuario\AndroidStudioProjects\AnimoreProject\app\src\main\res\mipmap-mdpi\ic_launcher_round.webp" qualifiers="mdpi-v4" type="mipmap"/><file name="ic_bolsa_foreground" path="C:\Users\Usuario\AndroidStudioProjects\AnimoreProject\app\src\main\res\mipmap-xhdpi\ic_bolsa_foreground.png" qualifiers="xhdpi-v4" type="mipmap"/><file name="ic_cachorro_1_foreground" path="C:\Users\Usuario\AndroidStudioProjects\AnimoreProject\app\src\main\res\mipmap-xhdpi\ic_cachorro_1_foreground.png" qualifiers="xhdpi-v4" type="mipmap"/><file name="ic_cachorro_2_foreground" path="C:\Users\Usuario\AndroidStudioProjects\AnimoreProject\app\src\main\res\mipmap-xhdpi\ic_cachorro_2_foreground.png" qualifiers="xhdpi-v4" type="mipmap"/><file name="ic_cachorro_3_foreground" path="C:\Users\Usuario\AndroidStudioProjects\AnimoreProject\app\src\main\res\mipmap-xhdpi\ic_cachorro_3_foreground.png" qualifiers="xhdpi-v4" type="mipmap"/><file name="ic_calendario_foreground" path="C:\Users\Usuario\AndroidStudioProjects\AnimoreProject\app\src\main\res\mipmap-xhdpi\ic_calendario_foreground.png" qualifiers="xhdpi-v4" type="mipmap"/><file name="ic_casa_foreground" path="C:\Users\Usuario\AndroidStudioProjects\AnimoreProject\app\src\main\res\mipmap-xhdpi\ic_casa_foreground.png" qualifiers="xhdpi-v4" type="mipmap"/><file name="ic_contato_foreground" path="C:\Users\Usuario\AndroidStudioProjects\AnimoreProject\app\src\main\res\mipmap-xhdpi\ic_contato_foreground.png" qualifiers="xhdpi-v4" type="mipmap"/><file name="ic_doar2_foreground" path="C:\Users\Usuario\AndroidStudioProjects\AnimoreProject\app\src\main\res\mipmap-xhdpi\ic_doar2_foreground.png" qualifiers="xhdpi-v4" type="mipmap"/><file name="ic_doar_foreground" path="C:\Users\Usuario\AndroidStudioProjects\AnimoreProject\app\src\main\res\mipmap-xhdpi\ic_doar_foreground.png" qualifiers="xhdpi-v4" type="mipmap"/><file name="ic_facebook_foreground" path="C:\Users\Usuario\AndroidStudioProjects\AnimoreProject\app\src\main\res\mipmap-xhdpi\ic_facebook_foreground.png" qualifiers="xhdpi-v4" type="mipmap"/><file name="ic_google_foreground" path="C:\Users\Usuario\AndroidStudioProjects\AnimoreProject\app\src\main\res\mipmap-xhdpi\ic_google_foreground.png" qualifiers="xhdpi-v4" type="mipmap"/><file name="ic_icon" path="C:\Users\Usuario\AndroidStudioProjects\AnimoreProject\app\src\main\res\mipmap-xhdpi\ic_icon.png" qualifiers="xhdpi-v4" type="mipmap"/><file name="ic_icon_foreground" path="C:\Users\Usuario\AndroidStudioProjects\AnimoreProject\app\src\main\res\mipmap-xhdpi\ic_icon_foreground.png" qualifiers="xhdpi-v4" type="mipmap"/><file name="ic_info_foreground" path="C:\Users\Usuario\AndroidStudioProjects\AnimoreProject\app\src\main\res\mipmap-xhdpi\ic_info_foreground.png" qualifiers="xhdpi-v4" type="mipmap"/><file name="ic_launcher" path="C:\Users\Usuario\AndroidStudioProjects\AnimoreProject\app\src\main\res\mipmap-xhdpi\ic_launcher.webp" qualifiers="xhdpi-v4" type="mipmap"/><file name="ic_launcher_round" path="C:\Users\Usuario\AndroidStudioProjects\AnimoreProject\app\src\main\res\mipmap-xhdpi\ic_launcher_round.webp" qualifiers="xhdpi-v4" type="mipmap"/><file name="ic_localizacao_pequeno_foreground" path="C:\Users\Usuario\AndroidStudioProjects\AnimoreProject\app\src\main\res\mipmap-xhdpi\ic_localizacao_pequeno_foreground.png" qualifiers="xhdpi-v4" type="mipmap"/><file name="ic_lupa2_foreground" path="C:\Users\Usuario\AndroidStudioProjects\AnimoreProject\app\src\main\res\mipmap-xhdpi\ic_lupa2_foreground.png" qualifiers="xhdpi-v4" type="mipmap"/><file name="ic_lupa_foreground" path="C:\Users\Usuario\AndroidStudioProjects\AnimoreProject\app\src\main\res\mipmap-xhdpi\ic_lupa_foreground.png" qualifiers="xhdpi-v4" type="mipmap"/><file name="ic_microfone_foreground" path="C:\Users\Usuario\AndroidStudioProjects\AnimoreProject\app\src\main\res\mipmap-xhdpi\ic_microfone_foreground.png" qualifiers="xhdpi-v4" type="mipmap"/><file name="ic_pata_foreground" path="C:\Users\Usuario\AndroidStudioProjects\AnimoreProject\app\src\main\res\mipmap-xhdpi\ic_pata_foreground.png" qualifiers="xhdpi-v4" type="mipmap"/><file name="ic_pessoa_andando_foreground" path="C:\Users\Usuario\AndroidStudioProjects\AnimoreProject\app\src\main\res\mipmap-xhdpi\ic_pessoa_andando_foreground.png" qualifiers="xhdpi-v4" type="mipmap"/><file name="ic_seguidor_foreground" path="C:\Users\Usuario\AndroidStudioProjects\AnimoreProject\app\src\main\res\mipmap-xhdpi\ic_seguidor_foreground.png" qualifiers="xhdpi-v4" type="mipmap"/><file name="ic_twitter_foreground" path="C:\Users\Usuario\AndroidStudioProjects\AnimoreProject\app\src\main\res\mipmap-xhdpi\ic_twitter_foreground.png" qualifiers="xhdpi-v4" type="mipmap"/><file name="round_box2_foreground" path="C:\Users\Usuario\AndroidStudioProjects\AnimoreProject\app\src\main\res\mipmap-xhdpi\round_box2_foreground.png" qualifiers="xhdpi-v4" type="mipmap"/><file name="ic_launcher" path="C:\Users\Usuario\AndroidStudioProjects\AnimoreProject\app\src\main\res\mipmap-xxhdpi\ic_launcher.webp" qualifiers="xxhdpi-v4" type="mipmap"/><file name="ic_launcher_round" path="C:\Users\Usuario\AndroidStudioProjects\AnimoreProject\app\src\main\res\mipmap-xxhdpi\ic_launcher_round.webp" qualifiers="xxhdpi-v4" type="mipmap"/><file name="ic_launcher" path="C:\Users\Usuario\AndroidStudioProjects\AnimoreProject\app\src\main\res\mipmap-xxxhdpi\ic_launcher.webp" qualifiers="xxxhdpi-v4" type="mipmap"/><file name="ic_launcher_round" path="C:\Users\Usuario\AndroidStudioProjects\AnimoreProject\app\src\main\res\mipmap-xxxhdpi\ic_launcher_round.webp" qualifiers="xxxhdpi-v4" type="mipmap"/><file path="C:\Users\Usuario\AndroidStudioProjects\AnimoreProject\app\src\main\res\values\colors.xml" qualifiers=""><color name="black">#FF000000</color><color name="white">#FFFFFFFF</color><color name="transparent">#00000000</color><color name="gray_900">#444444</color><color name="gray_800">#555555</color><color name="gray_700">#666666</color><color name="gray_600">#777777</color><color name="gray_500">#888888</color><color name="gray_400">#999999</color><color name="gray_300">#AAAAAA</color><color name="gray_200">#BBBBBB</color><color name="gray_100">#CCCCCC</color><color name="gray_50">#DDDDDD</color><color name="primary_900">#006024</color><color name="primary_800">#007F38</color><color name="primary_700">#009143</color><color name="primary_600">#07A34F</color><color name="primary_500">#15B259</color><color name="primary_400">#48B272</color><color name="primary_300">#6DCA8B</color><color name="primary_200">#99D8AC</color><color name="primary_100">#C1E7CC</color><color name="primary_50">#E5F6EA</color><color name="secondary_900">#8B1264</color><color name="secondary_800">#B2156E</color><color name="secondary_700">#C81673</color><color name="secondary_600">#DF167A</color><color name="secondary_500">#F1167F</color><color name="secondary_400">#F04194</color><color name="secondary_300">#F265A9</color><color name="secondary_200">#F392C2</color><color name="secondary_100">#F6BDDB</color><color name="secondary_50">#FBE5F0</color><color name="analogous1_900">#006100</color><color name="analogous1_800">#008000</color><color name="analogous1_700">#009100</color><color name="analogous1_600">#0FA307</color><color name="analogous1_500">#1FB215</color><color name="analogous1_400">#4DBE44</color><color name="analogous1_300">#72CA67</color><color name="analogous1_200">#9CD894</color><color name="analogous1_100">#C4E7BE</color><color name="analogous1_50">#E6F6E5</color><color name="analogous2_900">#004839</color><color name="analogous2_800">#006455</color><color name="analogous2_700">#007464</color><color name="analogous2_600">#008474</color><color name="analogous2_500">#009081</color><color name="analogous2_400">#00A195</color><color name="analogous2_300">#15B2A8</color><color name="analogous2_200">#6CC8C1</color><color name="analogous2_100">#A9DDD9</color><color name="analogous2_50">#DCF1F0</color><color name="triadic1_900">#114E90</color><color name="triadic1_800">#156EB2</color><color name="triadic1_700">#187FC6</color><color name="triadic1_600">#1A91DA</color><color name="triadic1_500">#1B9FE9</color><color name="triadic1_400">#30ADED</color><color name="triadic1_300">#50BBF0</color><color name="triadic1_200">#80CEF5</color><color name="triadic1_100">#B2E1F9</color><color name="triadic1_50">#E1F4FD</color><color name="triadic2_900">#3600A0</color><color name="triadic2_800">#4C0CAB</color><color name="triadic2_700">#5915B2</color><color name="triadic2_600">#671FBA</color><color name="triadic2_500">#7024C0</color><color name="triadic2_400">#864ACA</color><color name="triadic2_300">#9C6BD4</color><color name="triadic2_200">#B897E0</color><color name="triadic2_100">#D4C1EC</color><color name="triadic2_50">#EEE6F7</color><color name="welcomeBox1">#80000020</color><color name="welcomeBox2">#80000030</color><color name="darken_1">#80000000</color><color name="darken_2">#40000000</color><color name="text_900">#1F2D3D</color><color name="text_800">#343F4B</color><color name="text_700">#5A6978</color><color name="text_600">#969FAA</color><color name="text_500">#ACB4BB</color><color name="text_400">#B0B8C0</color><color name="text_300">#C0C8D0</color><color name="atrUser1">#A05020</color><color name="atrUser2">#690070</color><color name="atrUser3">#0080C0</color></file><file path="C:\Users\Usuario\AndroidStudioProjects\AnimoreProject\app\src\main\res\values\strings.xml" qualifiers=""><string name="app_name">Animore Project</string><string name="app_nameCut1">Anim</string><string name="app_nameCut2">re</string><string name="app_nameCut3">Project</string><string name="app_wip"><i>Aviso: Este aplicativo está em fase desenvolvimento.\nTodo o conteúdo demonstrado aqui está sujeito a mudanças.\nFique ligado para mais progressos do projeto!\n - Rafael, 2023.</i></string><string name="app_copyright">© Rafael Henrique Alves Batista - 2023</string><string name="title_login">Login</string><string name="title_forgotPassword">Esqueci a senha</string><string name="title_profileDetails">Detalhes do Perfil</string><string name="title_findBestFriend">Encontre o amigo dos seus sonhos</string><string name="title_featuredAnimals">Animais em destaque</string><string name="title_featuredAccesories">Itens em alta</string><string name="title_statistics">Estatísticas</string><string name="title_searchAnimals">Procurar Animais</string><string name="title_searchAccesories">Procurar Acessórios</string><string name="title_yourPhoto">Detalhes da foto:</string><string name="title_registerAnimal">Escolha o que deseja registrar:</string><string name="title_selectTypeAnimal">Selecione o tipo e raça do animal:</string><string name="title_photoAnimal">Imagem do animal:</string><string name="title_selectTypeAccesory">Selecione o tipo de acessório:</string><string name="title_photoAccesory">Imagem do acessório:</string><string name="title_myAnimals"><u> Meus animais </u></string><string name="title_description">Descrição</string><string name="title_statusAnimal">Status do Animal</string><string name="title_vacines">Vacinas</string><string name="title_imagesAnimal">Imagens do Animal</string><string name="title_ownerAnimal">Dono do Animal</string><string name="text_welcome_1">Bem vindo a Animore Project!\nEncontre o melhor amigo dos sonhos,\nou venha doar para os seus amigos\nde graça!\n\nVamos começar?</string><string name="text_welcome_2">Escolha uma função no aplicativo</string><string name="text_welcome_2_Donate">Função "Doar" selecionada!</string><string name="text_welcome_2_Adopt">Função "Adotar" selecionada!</string><string name="text_welcome_3">Conte-nos um pouco sobre você</string><string name="text_noRegister">Não tem cadastro?</string><string name="text_zero">0</string><string name="text_one">1</string><string name="text_two">2</string><string name="text_three">3</string><string name="text_four">4</string><string name="text_five">5</string><string name="text_hyphen">-</string><string name="text_topic">•</string><string name="text_forgotPasswordDescription">Informe o e-mail onde deseja redefinir a senha.</string><string name="text_years">anos</string><string name="text_weight">Kg</string><string name="text_noAnimals">Você ainda não possui nenhum animal registrado.\nFaça um registro pressionando o botão abaixo.</string><string name="text_noVacines">Nenhuma vacina.</string><string name="text_noDescription"><b>Sem descrição.</b></string><string name="desc_animals1">Animais    </string><string name="desc_likes">Curtidas   </string><string name="desc_followers">Seguidores </string><string name="desc_search">Procurar</string><string name="desc_contacts">Contatos</string><string name="desc_events">Compromissos</string><string name="desc_home">Página Principal</string><string name="desc_users">Usuários</string><string name="desc_animals2">Animais</string><string name="desc_accesories">Acessórios</string><string name="desc_finishedDonations">Doações feitas</string><string name="link_registerInvite"><u>Faça um agora mesmo!</u></string><string name="link_forgotPassword"><u>Esqueçi a senha.</u></string><string name="btn_start">Começar -></string><string name="btn_donate">Doar</string><string name="btn_adopt">Adotar</string><string name="btn_continue">Continuar -></string><string name="btn_enter">Entrar</string><string name="btn_back">Voltar</string><string name="btn_quit">Sair</string><string name="btn_cursorLeft">&lt;</string><string name="btn_cursorRight">></string><string name="btn_viewPhoto">Detalhes da foto</string><string name="btn_importPhoto">Importar foto</string><string name="btn_sendEmail">Enviar e-mail</string><string name="btn_edit">+ Editar</string><string name="btn_delete">x Excluir</string><string name="btn_save">v Salvar</string><string name="btn_cancel">&lt;- Cancelar</string><string name="btn_searchAnimals">Procurar Animais</string><string name="btn_searchAccessories">Procurar Acessórios</string><string name="btn_animal">Animal</string><string name="btn_accesory">Acessório</string><string name="btn_animalMale">Macho</string><string name="btn_animalFemale">Fêmea</string><string name="btn_animalUnknown">Não sabe</string><string name="btn_addPhoto">Adicionar foto ou vídeo</string><string name="btn_register">Registrar</string><string name="btn_registerAnimal">Cadastrar Animal</string><string name="btn_adoptAnimal">Adotar Animal</string><string name="btn_readMore">Ler Mais</string><string name="btn_readLess">Ler Menos</string><string name="prompt_name">Nome:</string><string name="prompt_phone">Número de celular:</string><string name="prompt_email">E-mail:</string><string name="prompt_password">Senha:</string><string name="prompt_address">Rua:</string><string name="prompt_district">Bairro:</string><string name="prompt_city">Cidade:</string><string name="prompt_state">Estado:</string><string name="prompt_photo">Foto:</string><string name="prompt_obligatorySymbol">*</string><string name="prompt_age">Idade:</string><string name="prompt_weight">Peso:</string><string name="prompt_vacines">Vacinas:</string><string name="prompt_sex">Sexo:</string><string name="prompt_descriptionAnimal">Descrição do animal:</string><string name="prompt_addPhotos">Adicionar fotos ou vídeos (mínimo 1)</string><string name="prompt_descriptionAccesory">Descrição do acessório:</string><string name="hint_email">Digite o email…</string><string name="hint_password">Digite a senha…</string><string name="hint_name">Digite o nome…</string><string name="hint_phone">Digite o DDD + número…</string><string name="hint_phoneMask">+55 (00) 00000–0000</string><string name="hint_address">Informe a rua onde mora…</string><string name="hint_district">Informe o bairro…</string><string name="hint_city">Informe a cidade…</string><string name="hint_state">Informe o estado…</string><string name="hint_search_1">Procurar por animais, acessórios…</string><string name="hint_animalType">Tipo do animal</string><string name="hint_animalBreed">Raça do animal</string><string name="hint_animalName">Nome do animal…</string><string name="hint_animalAge">Idade do animal…</string><string name="hint_animalWeight">Peso do animal…</string><string name="hint_animalDescription">Escreva uma descrição ou história sobre o animal…</string><string name="hint_animalVacines">Vacinas do animal</string><string name="hint_accesoryType">Tipo de acessório</string><string name="hint_accesoryName">Nome do acessório…</string><string name="hint_accesoryDescription">Escreva uma descrição ou história sobre o acessório…</string><string name="hint_message">Mande uma mensagem…</string><string name="socialMedia_signInGoogle"><u>Continuar com Google</u></string><string name="socialMedia_signInFacebook"><u>Continuar com Facebook</u></string><string name="socialMedia_signInTwitter"><u>Continuar com Twitter</u></string><string name="socialMedia_signUpGoogle"><u>Registrar com Google</u></string><string name="socialMedia_signUpFacebook"><u>Registrar com Facebook</u></string><string name="socialMedia_signUpTwitter"><u>Registrar com Twitter</u></string><string name="user_name">Nome</string><string name="user_email">E-mail</string><string name="user_phone">Celular</string><string name="user_address">Rua</string><string name="user_district">Bairro</string><string name="user_state">Estado</string><string name="user_animals">Animais:</string><string name="user_followers">Seguidores:</string><string name="user_since">Desde:</string><string name="user_donations">Doações:</string><string name="user_likes">Curtidas:</string><string-array name="animal_types">
        <item>Cachorro</item>
        <item>Gato</item>
        <item>Pássaro</item>
        <item>Rato</item>
        <item>Outro</item>
    </string-array><string-array name="animal_breedDog">
        <item>Bulldog</item>
        <item>Border Collie</item>
        <item>Fox Paulistinha</item>
        <item>Lhasa Apso</item>
        <item>Pastor Alemão</item>
        <item>Pinscher</item>
        <item>Pug</item>
        <item>Rottweiler</item>
        <item>Shih Tzu</item>
        <item>Yorkshire</item>
        <item>SRD (Sem Raça Definida)</item>
        <item>Outro</item>
    </string-array><string-array name="animal_breedCat">
        <item>Angorá Turco</item>
        <item>Azul Russo</item>
        <item>Gato Exótico</item>
        <item>Gato Persa</item>
        <item>Himalaio</item>
        <item>Maine Coon</item>
        <item>Ragdoll</item>
        <item>Siamês</item>
        <item>Snowshoe</item>
        <item>Sphynx</item>
        <item>SRD (Sem Raça Definida)</item>
        <item>Outro</item>
    </string-array><string-array name="animal_breedBird">
        <item>Agapornis</item>
        <item>Cacatua</item>
        <item>Calopsita</item>
        <item>Canário</item>
        <item>Coleiro</item>
        <item>Papagaio</item>
        <item>Pardal</item>
        <item>Periquito</item>
        <item>Ring Neck</item>
        <item>Galinha</item>
        <item>Outro</item>
    </string-array><string-array name="animal_breedRat">
        <item>Camundongo</item>
        <item>Chinchila</item>
        <item>Gerbil</item>
        <item>Porquinho-da-Índia</item>
        <item>Ratazana</item>
        <item>Rato-de-telhado</item>
        <item>Rato da Noruega</item>
        <item>Twister</item>
        <item>Outro</item>
    </string-array><string-array name="animal_breedOther">
        <item>SRD (Sem Raça Definida)</item>
        <item>Outro</item>
    </string-array><string-array name="animal_vacinesDog">
        <item>R8</item>
        <item>Raiva</item>
        <item>Gripe Canina</item>
        <item>Outro</item>
    </string-array><string-array name="animal_vacinesCat">
        <item>1</item>
        <item>2</item>
        <item>3</item>
        <item>4</item>
        <item>5</item>
        <item>6</item>
        <item>Outro</item>
    </string-array><string-array name="animal_vacinesBird">
        <item>123</item>
        <item>321</item>
        <item>Outro</item>
    </string-array><string-array name="animal_vacinesRat">
        <item>Outro</item>
    </string-array><string-array name="animal_vacinesOther">
        <item>Outro</item>
    </string-array><string-array name="accesory_types">
        <item>Brinquedo</item>
        <item>Blusa</item>
        <item>Caixa</item>
        <item>Casinha</item>
        <item>Coleira</item>
        <item>Ração</item>
        <item>Outro</item>
    </string-array><string name="vacine_dogFlu">Gripe Canina</string><string name="vacine_dogRabies">Raiva</string><string name="vacine_dogR8">R8</string><string name="vacine_other">Outro</string><string name="message_emptyInputs">Por favor, preencha todos os campos!</string><string name="message_emptyInputs2">Há mais campos a preencher na segunda tela.</string><string name="message_registerSuccess">Cadastro realizado com sucesso!</string><string name="message_sendEmailSuccess">E-mail enviado com sucesso!</string><string name="message_updateSuccess">Atualização realizada com sucesso!</string><string name="message_deleteSuccess">Exclusão realizada com sucesso!</string><string name="message_signOutSuccess">Usuário deslogado com sucesso!</string><string name="exception_registerWeakPassword">Digite uma senha com no mínimo 6 caracteres!</string><string name="exception_registerDuplicateEmail">Este usuário já foi cadastrado!</string><string name="exception_registerInvalidEmail">E-mail inválido!</string><string name="exception_registerAnotherError">Erro ao cadastrar. Por favor, tente novamente.</string><string name="exception_registerInvalidPhone">Número de telefone inválido!</string><string name="exception_loginAnotherError">Erro ao realizar o login.</string><string name="exception_loginInvalidInputs">E-mail ou senha inválidos!</string><string name="exception_anotherError">Falha ao realizar a tarefa.</string><string name="exception_emptyInputs">Um ou mais campos estão vazios!</string><string name="exception_emptyPhotos">Por favor, insira uma foto!</string><string name="content_walk1">Imagem de uma pessoa andando.</string><string name="content_dog1">Imagem de um cachorro.</string><string name="content_donate1">Imagem de duas mãos com um coração acima.</string><string name="content_paw1">Imagem de uma pata de cachorro.</string><string name="content_google">Ícone do Google.</string><string name="content_facebook">Ícone do Facebook.</string><string name="content_twitter">Ícone do Twitter.</string><string name="content_menu1">Botão de menu do aplicativo.</string><string name="content_menu2">Botão de compartilhar a página.</string><string name="content_userPhoto">Foto do usuário atual.</string><string name="content_dog2">Ícone de um cachorro.</string><string name="content_heart">Ícone de um coração.</string><string name="content_follower">Ícone de uma pessoa, usada para representar um seguidor.</string><string name="content_search">Ícone de uma lupa.</string><string name="content_microphone">Ícone de um microfone.</string><string name="content_animalPhoto">Foto de um animal.</string><string name="content_like">Ícone de uma mão com o polegar virado para cima.</string><string name="content_deslike">Ícone de uma mão com o polegar virado para baixo.</string><string name="content_contact">Ícone de um pessoa, usada para representar um contato.</string><string name="content_calendar">Ícone de um calendário.</string><string name="content_home">Ícone de uma casa, usada para representar a página inicial.</string><string name="content_back">Ícone de uma seta apontada para a esquerda.</string><string name="content_local">Ícone de uma seta de localização.</string><string name="content_clock">Ícone de um relógio.</string><string name="content_donate2">Ícone de uma mão com um coração acima.</string><string name="content_yourPhoto">Foto do seu perfil.</string><string name="content_editPhoto">Editar foto.</string><string name="content_accesoryPhoto">Foto de um acessório.</string><string name="content_add">Ícone de um sinal de mais.</string><string name="content_eye">Ícone de um olho.</string><string name="content_leaf">Ícone de uma folha.</string><string name="content_buy">Ícone de uma bolsa, usada para representar uma opção de comprar.</string><string name="content_info">Ícone de um símbolo de informação.</string><string name="content_messageMedia">Botão para enviar anexar um arquivo a mensagem.</string><string name="content_messageSend">Botão para enviar uma mensagem.</string><string name="test_placeholderName">Fulano de Tal</string><string name="test_placeholderText">Lorem ipsum dolor sit amet, consectetur adipiscing elit, sed do eiusmod tempor incididunt ut labore et dolore magna aliqua.</string><string name="test_placeholderParaph">Lorem ipsum dolor sit amet, consectetur adipiscing elit, sed do eiusmod tempor incididunt ut labore et dolore magna aliqua. Ut enim ad minim veniam, quis nostrud exercitation ullamco laboris nisi ut aliquip ex ea commodo consequat. Duis aute irure dolor in reprehenderit in voluptate velit esse cillum dolore eu fugiat nulla pariatur. Excepteur sint occaecat cupidatat non proident, sunt in culpa qui officia deserunt mollit anim id est laborum.</string><string name="test_placeholderValue">1111111111111111111111111</string><string name="test_placeholderTitle">- Placeholder Title -</string><string name="notificationBody_adoptionRequest">​ tem interesse em adotar o animal ​</string><string name="notificationTitle_adoptionRequest">Solicitação de Adoção</string><string name="message_registerAnimalSuccess">Animal cadastrado com sucesso!</string><string name="message_notificationSuccess">Notificacao enviada com sucesso!</string></file><file path="C:\Users\Usuario\AndroidStudioProjects\AnimoreProject\app\src\main\res\values\themes.xml" qualifiers=""><style name="Theme.AnimoreProject" parent="Theme.MaterialComponents.DayNight.NoActionBar">
        
        <item name="colorPrimary">@color/primary_500</item>
        <item name="colorPrimaryVariant">@color/primary_800</item>
        <item name="colorOnPrimary">@color/white</item>
        
        <item name="colorSecondary">@color/gray_300</item>
        <item name="colorSecondaryVariant">@color/gray_700</item>
        <item name="colorOnSecondary">@color/black</item>
        
        <item name="android:windowTranslucentStatus">true</item>
        
    </style><style name="SplashScreen" parent="Theme.MaterialComponents.DayNight.NoActionBar">
        
        
        <item name="android:statusBarColor">@color/transparent</item>
    </style></file><file path="C:\Users\Usuario\AndroidStudioProjects\AnimoreProject\app\src\main\res\values-night\themes.xml" qualifiers="night-v8"><style name="Base.Theme.AnimoreProject" parent="Theme.Material3.DayNight.NoActionBar">
        
        
    </style></file><file name="backup_rules" path="C:\Users\Usuario\AndroidStudioProjects\AnimoreProject\app\src\main\res\xml\backup_rules.xml" qualifiers="" type="xml"/><file name="data_extraction_rules" path="C:\Users\Usuario\AndroidStudioProjects\AnimoreProject\app\src\main\res\xml\data_extraction_rules.xml" qualifiers="" type="xml"/><file name="ic_botao_whatsapp" path="C:\Users\Usuario\AndroidStudioProjects\AnimoreProject\app\src\main\res\drawable\ic_botao_whatsapp.xml" qualifiers="" type="drawable"/><file name="layout_botao_whatsapp" path="C:\Users\Usuario\AndroidStudioProjects\AnimoreProject\app\src\main\res\drawable\layout_botao_whatsapp.xml" qualifiers="" type="drawable"/></source></dataSet><dataSet aapt-namespace="http://schemas.android.com/apk/res-auto" config="debug$Generated" generated="true" ignore_pattern="!.svn:!.git:!.ds_store:!*.scc:.*:&lt;dir>_*:!CVS:!thumbs.db:!picasa.ini:!*~"><source path="C:\Users\Usuario\AndroidStudioProjects\AnimoreProject\app\src\debug\res"/></dataSet><dataSet aapt-namespace="http://schemas.android.com/apk/res-auto" config="debug" generated-set="debug$Generated" ignore_pattern="!.svn:!.git:!.ds_store:!*.scc:.*:&lt;dir>_*:!CVS:!thumbs.db:!picasa.ini:!*~"><source path="C:\Users\Usuario\AndroidStudioProjects\AnimoreProject\app\src\debug\res"/></dataSet><dataSet aapt-namespace="http://schemas.android.com/apk/res-auto" config="generated$Generated" generated="true" ignore_pattern="!.svn:!.git:!.ds_store:!*.scc:.*:&lt;dir>_*:!CVS:!thumbs.db:!picasa.ini:!*~"><source path="C:\Users\Usuario\AndroidStudioProjects\AnimoreProject\app\build\generated\res\resValues\debug"/><source path="C:\Users\Usuario\AndroidStudioProjects\AnimoreProject\app\build\generated\res\google-services\debug"/></dataSet><dataSet aapt-namespace="http://schemas.android.com/apk/res-auto" config="generated" generated-set="generated$Generated" ignore_pattern="!.svn:!.git:!.ds_store:!*.scc:.*:&lt;dir>_*:!CVS:!thumbs.db:!picasa.ini:!*~"><source path="C:\Users\Usuario\AndroidStudioProjects\AnimoreProject\app\build\generated\res\resValues\debug"/><source path="C:\Users\Usuario\AndroidStudioProjects\AnimoreProject\app\build\generated\res\google-services\debug"><file path="C:\Users\Usuario\AndroidStudioProjects\AnimoreProject\app\build\generated\res\google-services\debug\values\values.xml" qualifiers=""><string name="default_web_client_id" translatable="false">21905349194-tb4k4gcdrbq4d4m88pr5jec6ilsbto9p.apps.googleusercontent.com</string><string name="gcm_defaultSenderId" translatable="false">21905349194</string><string name="google_api_key" translatable="false">AIzaSyCKqRrJbV8pd5PHuIEignjopV0eIhDNy9w</string><string name="google_app_id" translatable="false">1:21905349194:android:2bde3075fed76b6eb764b3</string><string name="google_crash_reporting_api_key" translatable="false">AIzaSyCKqRrJbV8pd5PHuIEignjopV0eIhDNy9w</string><string name="google_storage_bucket" translatable="false">animore-project.appspot.com</string><string name="project_id" translatable="false">animore-project</string></file></source></dataSet><mergedItems/></merger>