{
  "project_info": {
    "project_number": "21905349194",
    "project_id": "animore-project",
    "storage_bucket": "animore-project.appspot.com"
  },
  "client": [
    {
      "client_info": {
        "mobilesdk_app_id": "1:21905349194:android:2bde3075fed76b6eb764b3",
        "android_client_info": {
          "package_name": "com.example.animoreproject"
        }
      },
      "oauth_client": [
        {
          "client_id": "21905349194-tb4k4gcdrbq4d4m88pr5jec6ilsbto9p.apps.googleusercontent.com",
          "client_type": 3
        }
      ],
      "api_key": [
        {
          "current_key": "AIzaSyCKqRrJbV8pd5PHuIEignjopV0eIhDNy9w"
        }
      ],
      "services": {
        "appinvite_service": {
          "other_platform_oauth_client": [
            {
              "client_id": "21905349194-tb4k4gcdrbq4d4m88pr5jec6ilsbto9p.apps.googleusercontent.com",
              "client_type": 3
            }
          ]
        }
      }
    }
  ],
  "configuration_version": "1"
}